﻿<?xml version="1.0" encoding="utf-8"?>
<ConceptKnowledge>
  <knowledge>
    <li>
      <key>WorldCameraMovement</key>
      <value>1</value>
    </li>
    <li>
      <key>ReformCaravan</key>
      <value>0</value>
    </li>
    <li>
      <key>Rescuing</key>
      <value>1</value>
    </li>
    <li>
      <key>Capturing</key>
      <value>1</value>
    </li>
    <li>
      <key>InteractingWithTraders</key>
      <value>1</value>
    </li>
    <li>
      <key>Drafting</key>
      <value>1</value>
    </li>
    <li>
      <key>BuildOrbitalTradeBeacon</key>
      <value>1</value>
    </li>
    <li>
      <key>AnimalsDontAttackDoors</key>
      <value>0</value>
    </li>
    <li>
      <key>BillsTab</key>
      <value>1</value>
    </li>
    <li>
      <key>OpeningComms</key>
      <value>1</value>
    </li>
    <li>
      <key>DrugAddiction</key>
      <value>0</value>
    </li>
    <li>
      <key>DrugPolicies</key>
      <value>1</value>
    </li>
    <li>
      <key>TVForSickPeople</key>
      <value>0</value>
    </li>
    <li>
      <key>PrisonerTab</key>
      <value>1</value>
    </li>
    <li>
      <key>SetGrowingZonePlant</key>
      <value>1</value>
    </li>
    <li>
      <key>DrugBurning</key>
      <value>0</value>
    </li>
    <li>
      <key>CameraDolly</key>
      <value>1</value>
    </li>
    <li>
      <key>CameraZoom</key>
      <value>1</value>
    </li>
    <li>
      <key>TimeControls</key>
      <value>1</value>
    </li>
    <li>
      <key>Pause</key>
      <value>1</value>
    </li>
    <li>
      <key>Stockpiles</key>
      <value>1</value>
    </li>
    <li>
      <key>Forbidding</key>
      <value>1</value>
    </li>
    <li>
      <key>GrowingFood</key>
      <value>1</value>
    </li>
    <li>
      <key>EquippingWeapons</key>
      <value>1</value>
    </li>
    <li>
      <key>Alerts</key>
      <value>1</value>
    </li>
    <li>
      <key>Mining</key>
      <value>1</value>
    </li>
    <li>
      <key>WorkTab</key>
      <value>1</value>
    </li>
    <li>
      <key>ForbiddingDoors</key>
      <value>0</value>
    </li>
    <li>
      <key>CoverAndShooting</key>
      <value>0</value>
    </li>
    <li>
      <key>FormCaravan</key>
      <value>1</value>
    </li>
    <li>
      <key>AnimalTaming</key>
      <value>1</value>
    </li>
    <li>
      <key>AnimalTraining</key>
      <value>1</value>
    </li>
    <li>
      <key>InfoCard</key>
      <value>1</value>
    </li>
    <li>
      <key>StorageTab</key>
      <value>1</value>
    </li>
    <li>
      <key>HomeArea</key>
      <value>1</value>
    </li>
    <li>
      <key>SpoilageAndFreezers</key>
      <value>0</value>
    </li>
    <li>
      <key>Deterioration</key>
      <value>0</value>
    </li>
    <li>
      <key>HostilityResponse</key>
      <value>1</value>
    </li>
    <li>
      <key>AllowedAreas</key>
      <value>1</value>
    </li>
    <li>
      <key>MedicalOperations</key>
      <value>1</value>
    </li>
    <li>
      <key>TimeAssignments</key>
      <value>0.4</value>
    </li>
    <li>
      <key>ManualWorkPriorities</key>
      <value>1</value>
    </li>
    <li>
      <key>GettingMoreTraders</key>
      <value>0</value>
    </li>
    <li>
      <key>InspectRoomStats</key>
      <value>1</value>
    </li>
    <li>
      <key>Outfits</key>
      <value>1</value>
    </li>
    <li>
      <key>FirePreparation</key>
      <value>0</value>
    </li>
    <li>
      <key>HistoryTab</key>
      <value>0</value>
    </li>
    <li>
      <key>ClickingMessages</key>
      <value>1</value>
    </li>
    <li>
      <key>ShotAccuracyTooltip</key>
      <value>0</value>
    </li>
    <li>
      <key>FriendlyFireSafety</key>
      <value>0</value>
    </li>
    <li>
      <key>TradeGoodsMustBeNearBeacon</key>
      <value>1</value>
    </li>
    <li>
      <key>ArrestingCreatesEnemies</key>
      <value>1</value>
    </li>
    <li>
      <key>SwitchFlickingDesignation</key>
      <value>1</value>
    </li>
    <li>
      <key>ShieldBelts</key>
      <value>0</value>
    </li>
    <li>
      <key>DoorOpenSpeed</key>
      <value>0</value>
    </li>
    <li>
      <key>QueueOrders</key>
      <value>0</value>
    </li>
    <li>
      <key>MaxNumberOfPlayerSettlements</key>
      <value>0</value>
    </li>
    <li>
      <key>GuestBeds</key>
      <value>1</value>
    </li>
    <li>
      <key>RecruitGuest</key>
      <value>0</value>
    </li>
    <li>
      <key>GuestWork</key>
      <value>0</value>
    </li>
    <li>
      <key>Hospitality</key>
      <value>1</value>
    </li>
    <li>
      <key>TradingRequiresPermit</key>
      <value>0</value>
    </li>
  </knowledge>
</ConceptKnowledge>