﻿<?xml version="1.0" encoding="utf-8"?>
<ModsConfigData>
  <version>1.1.2604 rev536</version>
  <activeMods>
    <li>brrainz.harmony</li>
    <li>ludeon.rimworld</li>
    <li>rwmt.multiplayer</li>
    <li>unlimitedhugs.hugslib</li>
    <li>mehni.pickupandhaul</li>
    <li>unlimitedhugs.allowtool</li>
    <li>vanillaexpanded.vfepower</li>
    <li>weilbyte.snapout</li>
    <li>fluffy.blueprints</li>
    <li>hatti.qualitybuilder</li>
    <li>ratys.rtfuse</li>
    <li>fluffy.medicaltab</li>
    <li>thewirelord354.conduitdeconstruct</li>
    <li>gt.sam.tilledsoil</li>
    <li>fluffy.worktab</li>
    <li>fluffy.pharmacist</li>
    <li>fluffy.colonymanager</li>
    <li>rimfridge.kv.rw</li>
    <li>orion.hospitality</li>
    <li>ykara.epoe</li>
    <li>edb.preparecarefully</li>
    <li>nephlite.orbitaltradecolumn</li>
    <li>murmur.walllight</li>
  </activeMods>
  <knownExpansions />
</ModsConfigData>