﻿<?xml version="1.0" encoding="utf-8"?>
<PrefsData>
  <volumeGame>0.8</volumeGame>
  <volumeMusic>0.2186398</volumeMusic>
  <volumeAmbient>1</volumeAmbient>
  <screenWidth>0</screenWidth>
  <screenHeight>0</screenHeight>
  <fullscreen>False</fullscreen>
  <uiScale>1</uiScale>
  <customCursorEnabled>True</customCursorEnabled>
  <hatsOnlyOnMap>False</hatsOnlyOnMap>
  <plantWindSway>True</plantWindSway>
  <showRealtimeClock>True</showRealtimeClock>
  <animalNameMode>None</animalNameMode>
  <extremeDifficultyUnlocked>False</extremeDifficultyUnlocked>
  <adaptiveTrainingEnabled>False</adaptiveTrainingEnabled>
  <preferredNames />
  <resourceReadoutCategorized>True</resourceReadoutCategorized>
  <runInBackground>False</runInBackground>
  <edgeScreenScroll>True</edgeScreenScroll>
  <temperatureMode>Celsius</temperatureMode>
  <autosaveIntervalDays>0.5</autosaveIntervalDays>
  <testMapSizes>False</testMapSizes>
  <maxNumberOfPlayerSettlements>1</maxNumberOfPlayerSettlements>
  <pauseOnLoad>False</pauseOnLoad>
  <automaticPauseMode>Never</automaticPauseMode>
  <mapDragSensitivity>1.3</mapDragSensitivity>
  <devMode>False</devMode>
  <langFolderName>English</langFolderName>
  <logVerbose>False</logVerbose>
  <pauseOnError>False</pauseOnError>
  <resetModsConfigOnCrash>True</resetModsConfigOnCrash>
</PrefsData>